,NGSS (MS),,Alternative Energy ,Animals ,Applied Physics ,Aquaculture ,Bio Technology ,Body Systems ,Carbon Footprint ,Cell Structure  ,Changing Oceans ,Climate & Biomes ,Dynamic Earth ,Eco Architecture ,Ecology,Electricity ,"Energy, Power, & Mechanics ",Environmental Issues ,Food Science ,Forces ,Forensic Science (0),Genetics ,Gravity ,Heart Fitness ,Heat & Energy ,Horticulture ,Immunology ,Lights & Lasers ,Material Science ,Microbiology ,Mission to Mars ,Natural Disasters ,Oceanography ,Organism Reproduction ,Plants & Pollination ,Plastics & Polymers ,Reactions ,Rocks & Resources ,Simple Machines ,Soils ,Sustainable Agriculture,Weather ,,,Math Modules,Astronomy (6),Bio Engineering,Chemical Math (1),Climate Change (10),Confident Consumer (0),Environmental Math (1),Factoring & Polynomials (0),Forensic Math (0),Geometric Packing (0),Gravity of Algebra (8),Home Makeover (0),Hotel Management (0),Lenses & Optics (3),Math Behind your Meals (0),Nuclear Energy (1),Population Perspectives (4),Projectile Motion (2),Properties of Math (0),Sports Statistics (0),Statistical Analysis (0),Supply & Demand (0),The Universe (5),Unsolved Mysteries (0),Water Management (5),Water Quality (1),Weights & Measures (0),Where in the World (2)
7th Grade,MS-PS1-2,6,,,,,,,,,,,,,,,,,x,,,,,,,,,,x,,x,,,,,x,x,x,,,,,,,1,,,x,,,,,,,,,,,,,,,,,,,,,,,,
,MS-PS1-4,8,,,x,,,,,,,,,x,,,,,x,,,,,,x,,,,x,,x,,,,,,x,,,,,x,,,0,,,,,,,,,,,,,,,,,,,,,,,,,,,
,MS-PS1-5,3,,,,,,,,,,,,,,,,,,,,,,,,,,,x,,,,,,,x,x,,,,,,,,0,,,,,,,,,,,,,,,,,,,,,,,,,,,
,MS-PS3-4,3,,,x,,,,,,,,,x,,,,,,,,,,,x,,,,,,,,,,,,,,,,,,,,0,,,,,,,,,,,,,,,,,,,,,,,,,,,
,MS-LS1-3,6,,,,,,x,,,,,,,,,,,,,,,,x,,,x,,,x,,,,x,x,,,,,,,,,,0,,,,,,,,,,,,,,,,,,,,,,,,,,,
,MS-LS1-6,6,,,,,,,x,,x,,,,,,,,x,,,,,,x,,,,,,x,,,,x,,,,,,,,,,0,,,,,,,,,,,,,,,,,,,,,,,,,,,
,MS-LS1-7,2,,,,,,,,,,,,,,,,,x,,,,,,x,,,,,,,,,,,,,,,,,,,,0,,,,,,,,,,,,,,,,,,,,,,,,,,,
,MS-LS2-4,8,,,,x,,,x,,x,x,,,x,,,x,,,,,,,,,,,,x,x,,,,,,,,,,,,,,1,,,,,,,,,,,,,,,,x,,,,,,,,,,,
,MS-LS2-5,4,,,,x,,,,,,x,,,x,,,,,,,,,,,,,,,,x,,,,,,,,,,,,,,0,,,,,,,,,,,,,,,,,,,,,,,,,,,
,MS-LS3-2,5,,,,,,,,,,,,,,,,,,,,x,,,,x,,,,x,,,,x,x,,,,,,,,,,0,,,,,,,,,,,,,,,,,,,,,,,,,,,
,MS-LS4-4,3,,x,,,,,,,,,,,,,,,,,,,,,,,x,,,x,,,,,,,,,,,,,,,0,,,,,,,,,,,,,,,,,,,,,,,,,,,
,MS-LS4-5,7,,,,,x,,,,,,,,,,,,,,,x,,,,x,x,,,x,,,,x,x,,,,,,,,,,0,,,,,,,,,,,,,,,,,,,,,,,,,,,
,MS-ESS2-4,7,,,,,,,,,x,x,,x,,,,,,,,,,,,,,,,,x,x,x,,,,,,,,,x,,,1,,,,,,,,,,,,,,,,,,,,,,,,x,,,
,MS-ESS2-5,3,,,,,,,,,,x,,,,,,,,,,,,,,,,,,,,x,,,,,,,,,,x,,,0,,,,,,,,,,,,,,,,,,,,,,,,,,,
,MS-ESS2-6,6,,,,,,,,,x,x,x,,,,,,,,,,,,,,,,,,,x,x,,,,,,,,,x,,,1,,,,,,,,,,,,,,,,,,,,,,,,x,,,
,MS-ESS3-5,7,,,,,,,x,,x,x,,,,,,,,,,,,,,,,,,,x,x,x,,,,,,,,,x,,,1,,,,x,,,,,,,,,,,,,,,,,,,,,,,
8th Grade,MS-PS1-1,6,,,,,,,,,,,,,,,,,x,,,,,,x,,,,x,,,,,,,x,x,x,,,,,,,1,,,,,,,,,,,,,,,x,,,,,,,,,,,,
,MS-PS1-3,5,,,,,,,,,,,,x,,,,,,,,,,,,,,,x,,x,,,,,x,,x,,,,,,,0,,,,,,,,,,,,,,,,,,,,,,,,,,,
,MS-PS1-6,3,,,,,,,,,,,,,,,,,,,,,,,x,,,,,,,,,,,,x,,x,,,,,,0,,,,,,,,,,,,,,,,,,,,,,,,,,,
,MS-PS3-3,4,x,,x,,,,,,,,,x,,,,,,,,,,,x,,,,,,,,,,,,,,,,,,,,0,,,,,,,,,,,,,,,,,,,,,,,,,,,
,MS-PS3-5,5,,,,,,,,,,,,x,,,,,,x,,,x,,x,,,,,,,,,,,,,,,,,x,,,2,x,,,,,,,,,x,,,,,,,,,,,,,,,,,
,MS-LS1-4,6,,,,,,,,,,,,,,,,,,,,x,,,,x,x,,,x,,,,x,x,,,,,,,,,,0,,,,,,,,,,,,,,,,,,,,,,,,,,,
,MS-LS1-5,8,,,,x,x,,,,,,,,,,,,,,,x,,,,x,x,,,x,,,,x,x,,,,,,,,,,0,,,,,,,,,,,,,,,,,,,,,,,,,,,
,MS-LS3-1,5,,,,,x,,,,,,,,,,,,,,,x,,,,,,,,x,,,,x,x,,,,,,,,,,0,,,,,,,,,,,,,,,,,,,,,,,,,,,
,MS-LS4-1,2,,x,,,,,,,,,,,x,,,,,,,,,,,,,,,,,,,,,,,,,,,,,,0,,,,,,,,,,,,,,,,,,,,,,,,,,,
,MS-LS4-2,1,,x,,,,,,,,,,,,,,,,,,,,,,,,,,,,,,,,,,,,,,,,,0,,,,,,,,,,,,,,,,,,,,,,,,,,,
,MS-LS4-3,1,,x,,,,,,,,,,,,,,,,,,,,,,,,,,,,,,,,,,,,,,,,,0,,,,,,,,,,,,,,,,,,,,,,,,,,,
,MS-LS4-6,1,,,,,,,,,,,,,,,,,,,,,,,,,,,,x,,,,,,,,,,,,,,,0,,,,,,,,,,,,,,,,,,,,,,,,,,,
,MS-ESS1-4,2,,,,,,,,,,,x,,,,,,,,,,,,,,,,,,,,,,,,,x,,x,,,,,0,,,,,,,,,,,,,,,,,,,,,,,,,,,
,MS-ESS2-1,,,,,,,,x,,,x,x,x,,,,,,,,,,,,,,,,,?,x,,,,,,,,x,x,x,,,2,,,,x,,,,,,,,,,,,,,,,,,,,x,,,
,MS-ESS2-2,4,,,,,,,,,,,x,,,,,,,,,,,,,,,,,,,x,,,,,,x,,x,,,,,0,,,,,,,,,,,,,,,,,,,,,,,,,,,
,MS-ESS2-3,2,,,,,,,,,,,x,,,,,,,,,,,,,,,,,,,x,,,,,,,,,,,,,0,,,,,,,,,,,,,,,,,,,,,,,,,,,
,MS-ESS3-1,6,,,,,,,,,,,x,,,,,,,,,,,,,,,,,,,x,,,,,,x,,x,x,x,,,2,,,,x,,,,,,,,,,,,,,,,,,,,x,,,
,MS-ESS3-2,9,x,,,,,,,,,x,x,x,,,,x,,,,,,,,,,,,,,x,,,,,,x,,,x,x,,,1,,,,x,,,,,,,,,,,,,,,,,,,,,,,
,MS-ESS3-3,8,x,,,,,,x,,,,,x,,,,,,,,,,,,,,,,,x,x,,,,,,x,,x,x,,,,4,,,,x,,x,,,,,,,,,,,,,,,,,,x,x,,
,MS-PS2-1,3,,,,,,,,,,,,,,,x,,,x,,,x,,,,,,,,,,,,,,,,,,,,,,1,,,,,,,,,,x,,,,,,,,,,,,,,,,,
,MS-PS2-2,4,,,,,,,,,,,,,,,x,,,x,,,x,,,,,,,,,,,,,,,,x,,,,,,1,,,,,,,,,,x,,,,,,,,,,,,,,,,,
,MS-PS2-3,3,,,,,,,,,,,,,,x,x,,,,,,,,x,,,,,,,,,,,,,,,,,,,,0,,,,,,,,,,,,,,,,,,,,,,,,,,,
,MS-PS2-4,4,,,,,,,,,,,,,,,,,,x,,,x,,,,,,,,x,,,,,,,,x,,,,,,2,x,,,,,,,,,x,,,,,,,,,,,,,,,,,
,MS-PS2-5,7,,,,,,,,,,,,,,x,,,,x,,,x,,x,,,,x,,x,,,,,,,,x,,,,,,1,,,,,,,,,,x,,,,,,,,,,,,,,,,,
,MS-PS3-1,4,,,,,,,,,,,,,,,,,,x,,,x,,x,,,,,,x,,,,,,,,,,,,,,2,x,,,,,,,,,x,,,,,,,,,,,,,,,,,
,MS-PS3-2,4,,,,,,,,,,,,,,,,,,x,,,x,,x,,,,,,x,,,,,,,,,,,,,,1,,,,,,,,,,x,,,,,,,,,,,,,,,,,
,MS-PS4-1,2,,,x,,,,,,,,,,,,,,,,,,,,,,,x,,,,,,,,,,,,,,,,,1,,,,,,,,,,,,,,,,,,,,,,x,,,,,
,MS-PS4-2,5,,,x,,,,,,,,,x,,,,,,,,,,,,,,x,,,x,,,,,,,,,,,x,,,2,,,,,,,,,,,,,x,,,,,,,,,x,,,,,
,MS-PS4-3,2,,,x,,,,,,,,,,,,,,,,,,,,,,,x,,,,,,,,,,,,,,,,,0,,,,,,,,,,,,,,,,,,,,,,,,,,,
,MS-LS1-1,7,,,,,,x,,x,,,,,,,,,,,,x,,,,,x,,,x,x,,,,x,,,,,,,,,,0,,,,,,,,,,,,,,,,,,,,,,,,,,,
,MS-LS1-2,8,,,,,,x,,x,,,,,,,,,,,,x,,,,,x,,,x,x,,,x,x,,,,,,,,,,0,,,,,,,,,,,,,,,,,,,,,,,,,,,
,MS-LS1-8,3,,,,,,x,,,,,,,,,,,,,,,,x,,,,,,x,,,,,,,,,,,,,,,0,,,,,,,,,,,,,,,,,,,,,,,,,,,
,MS-LS2-1,8,,,,x,,,x,,x,,,,x,,,x,,,,,,,x,,,,,x,x,,,,,,,,,,,,,,1,,,,,,,,,,,,,,,,x,,,,,,,,,,,
,MS-LS2-2,6,,,,,,,x,,x,x,,,x,,,x,,,,,,,,,x,,,,,,,,,,,,,,,,,,1,,,,,,,,,,,,,,,,x,,,,,,,,,,,
,MS-LS2-3,9,,,,x,,,x,,x,x,,,x,,,x,,,,,,,x,,,,,,x,,,,,,,,,x,,,,,1,,,,x,,,,,,,,,,,,,,,,,,,,,,,
,,,,,,,,,,,,,,,,,,,,,,,,,,,,,,,,,,,,,,,,,,,,,,,,,,,,,,,,,,,,,,,,,,,,,,,,
,MS-LS3-3,0,,,,,,,,,,,,,,,,,,,,,,,,,,,,,,,,,,,,,,,,,,,0,,,,,,,,,,,,,,,,,,,,,,,,,,,
,MS-ESS1-1,1,,,,,,,,,,,,,,,,,,,,,,,,,,,,,x,,,,,,,,,,,,,,2,x,,,,,,,,,,,,,,,,,,,,,x,,,,,
,MS-ESS1-2,2,,,,,,,,,,,,,,,,,,,,,x,,,,,,,,x,,,,,,,,,,,,,,3,x,,,,,,,,,x,,,,,,,,,,,,x,,,,,
,MS-ESS1-3,1,,,,,,,,,,,,,,,,,,,,,,,,,,,,,x,,,,,,,,,,,,,,3,x,,,,,,,,,,,,,,,,,,,,,x,,,,,x
,MS-ESS3-4,10,x,,,,,,x,,x,x,,x,x,,,x,,,,,,,,,,,,,x,,,,,,,x,,,x,,,,2,,,,x,,,,,,,,,,,,x,,,,,,,,,,,
